{"0.01": {"train_loss": [1.805567449128086, 1.5468711463565177, 1.4237349571829492, 1.326939064670693, 1.245927039364522, 1.172855979847637, 1.1014448996971955, 1.0395792924206366, 0.9704858598045327, 0.908765911039981, 0.846320744434541, 0.7800001825459979, 0.7179016625000672, 0.6612467380579222, 0.6023628860712051, 0.5511854942888021, 0.5075889283113859, 0.465630549852821, 0.43064305499534716, 0.402316274587065, 0.37939502082934434, 0.3622622703286735, 0.35006416047161276, 0.34200921409170737, 0.33777101045813074], "train_cls_loss": [1.8028750030154532, 1.5441852164539425, 1.421057688580318, 1.324270154603503, 1.243265886367722, 1.1702016326175495, 1.0987967581234195, 1.0369364394044334, 0.9678475345400247, 0.9061312490904873, 0.8436890862543475, 0.7773708518255841, 0.7152740218761292, 0.6586202967234633, 0.599737201986665, 0.5485602116889574, 0.5049638403579593, 0.4630054990676316, 0.42801793588494713, 0.39969101785258815, 0.3767696243118156, 0.3596367563798346, 0.347438561137427, 0.3393835632807829, 0.33514533670280466], "train_sp_loss": [0.2692444951866161, 0.26859293276952073, 0.26772684045135975, 0.2668910046023401, 0.26611539179628546, 0.2654346482489597, 0.26481431256979704, 0.2642850974066691, 0.2638324797153473, 0.26346599039706314, 0.26316574723883107, 0.26293318303809926, 0.262764161198654, 0.26264410313557496, 0.26256858210333367, 0.262528299015354, 0.2625090330839157, 0.2625051526860757, 0.2625117845494639, 0.26252564203671436, 0.26253959409553895, 0.2625514166429639, 0.26255992833863606, 0.2625649888915094, 0.2625669941136783], "val_loss": [1.634594875574112, 1.4982379287481309, 1.422862508893013, 1.3928699493408203, 1.3651559621095657, 1.3354993343353272, 1.3264811545610429, 1.3520632356405258, 1.331805980205536, 1.3563651978969573, 1.3613071888685226, 1.4130167722702027, 1.45244143307209, 1.5029643446207046, 1.5303682744503022, 1.6186996340751647, 1.6392528295516968, 1.6625699400901794, 1.7275748252868652, 1.759595650434494, 1.776067093014717, 1.8066999018192291, 1.8153149992227555, 1.8228130280971526, 1.8239238202571868], "val_acc": [41.76, 47.42, 50.24, 51.06, 52.6, 52.98, 54.46, 53.4, 54.16, 54.6, 53.86, 54.78, 54.28, 54.96, 54.92, 53.86, 54.32, 54.48, 54.42, 54.58, 54.76, 54.52, 54.72, 54.5, 54.48], "val_sparsity": [0.0, 0.0, 0.0, 0.0, 0.0, 0.0, 0.0, 0.0, 0.0, 0.0, 0.0, 0.0, 0.0, 0.0, 0.0, 0.0, 0.0, 0.0, 0.0, 0.0, 0.0, 0.0, 0.0, 0.0, 0.0], "layer_sparsity": [[0.0, 0.0, 0.0, 0.0], [0.0, 0.0, 0.0, 0.0], [0.0, 0.0, 0.0, 0.0], [0.0, 0.0, 0.0, 0.0], [0.0, 0.0, 0.0, 0.0], [0.0, 0.0, 0.0, 0.0], [0.0, 0.0, 0.0, 0.0], [0.0, 0.0, 0.0, 0.0], [0.0, 0.0, 0.0, 0.0], [0.0, 0.0, 0.0, 0.0], [0.0, 0.0, 0.0, 0.0], [0.0, 0.0, 0.0, 0.0], [0.0, 0.0, 0.0, 0.0], [0.0, 0.0, 0.0, 0.0], [0.0, 0.0, 0.0, 0.0], [0.0, 0.0, 0.0, 0.0], [0.0, 0.0, 0.0, 0.0], [0.0, 0.0, 0.0, 0.0], [0.0, 0.0, 0.0, 0.0], [0.0, 0.0, 0.0, 0.0], [0.0, 0.0, 0.0, 0.0], [0.0, 0.0, 0.0, 0.0], [0.0, 0.0, 0.0, 0.0], [0.0, 0.0, 0.0, 0.0], [0.0, 0.0, 0.0, 0.0]]}, "0.1": {"train_loss": [1.8302378949116578, 1.5711769170381806, 1.447104036808014, 1.3502661098133435, 1.2687108127230948, 1.196292794732885, 1.124153158204122, 1.0569336222992702, 0.9949087307534434], "train_cls_loss": [1.8036013076251203, 1.5447746207090942, 1.4208787317303093, 1.3241894560104066, 1.2427602345970543, 1.1704541961239143, 1.098406862298196, 1.0312635228037834, 0.9693048662421379], "train_sp_loss": [0.2663658754900098, 0.26402295380830765, 0.2622530193660747, 0.2607665260915052, 0.25950580640611326, 0.2583859959109263, 0.2574629593132572, 0.2567009799690409, 0.25603863105855207], "val_loss": [1.6136666715145112, 1.5190330624580384, 1.4224665701389312, 1.3730012893676757, 1.356745982170105, 1.314690074324608, 1.3104055762290954, 1.3126411825418471, 1.3156992405653], "val_acc": [42.62, 46.18, 50.02, 52.14, 51.44, 53.24, 54.46, 54.62, 54.22], "val_sparsity": [0.0, 0.0, 0.0, 0.0, 0.0, 0.0, 0.0, 0.0, 0.0], "layer_sparsity": [[0.0, 0.0, 0.0, 0.0], [0.0, 0.0, 0.0, 0.0], [0.0, 0.0, 0.0, 0.0], [0.0, 0.0, 0.0, 0.0], [0.0, 0.0, 0.0, 0.0], [0.0, 0.0, 0.0, 0.0], [0.0, 0.0, 0.0, 0.0], [0.0, 0.0, 0.0, 0.0], [0.0, 0.0, 0.0, 0.0]]}}